<?xml version="1.0" encoding="UTF-8"?>
<project-private xmlns="http://www.netbeans.org/ns/project-private/1">
    <data xmlns="http://www.netbeans.org/ns/make-project-private/1">
        <activeConfTypeElem>1</activeConfTypeElem>
        <activeConfIndexElem>0</activeConfIndexElem>
    </data>
    <editor-bookmarks xmlns="http://www.netbeans.org/ns/editor-bookmarks/2" lastBookmarkId="0"/>
    <open-files xmlns="http://www.netbeans.org/ns/projectui-open-files/2">
        <group>
            <file>file:/C:/Users/Alonso/Documentos/NetBeansProjects/LP1/Infracciones2021-1Lab09/Lab09-Parte02/LAB09_PREG02/Leve.h</file>
            <file>file:/C:/Users/Alonso/Documentos/NetBeansProjects/LP1/Infracciones2021-1Lab09/Lab09-Parte02/LAB09_PREG02/MuyGrave.cpp</file>
            <file>file:/C:/Users/Alonso/Documentos/NetBeansProjects/LP1/Infracciones2021-1Lab09/Lab09-Parte02/LAB09_PREG02/Conductor.cpp</file>
            <file>file:/C:/Users/Alonso/Documentos/NetBeansProjects/LP1/Infracciones2021-1Lab09/Lab09-Parte02/LAB09_PREG02/Infraccion.cpp</file>
            <file>file:/C:/Users/Alonso/Documentos/NetBeansProjects/LP1/Infracciones2021-1Lab09/Lab09-Parte02/LAB09_PREG02/Leve.cpp</file>
            <file>file:/C:/Users/Alonso/Documentos/NetBeansProjects/LP1/Infracciones2021-1Lab09/Lab09-Parte02/LAB09_PREG02/Infraccion.h</file>
            <file>file:/C:/Users/Alonso/Documentos/NetBeansProjects/LP1/Infracciones2021-1Lab09/Lab09-Parte02/LAB09_PREG02/Procesa.cpp</file>
            <file>file:/C:/Users/Alonso/Documentos/NetBeansProjects/LP1/Infracciones2021-1Lab09/Lab09-Parte02/LAB09_PREG02/Falta.cpp</file>
            <file>file:/C:/Users/Alonso/Documentos/NetBeansProjects/LP1/Infracciones2021-1Lab09/Lab09-Parte02/LAB09_PREG02/main.cpp</file>
            <file>file:/C:/Users/Alonso/Documentos/NetBeansProjects/LP1/Infracciones2021-1Lab09/Lab09-Parte02/LAB09_PREG02/Registro.h</file>
            <file>file:/C:/Users/Alonso/Documentos/NetBeansProjects/LP1/Infracciones2021-1Lab09/Lab09-Parte02/LAB09_PREG02/MuyGrave.h</file>
            <file>file:/C:/Users/Alonso/Documentos/NetBeansProjects/LP1/Infracciones2021-1Lab09/Lab09-Parte02/LAB09_PREG02/Grave.h</file>
            <file>file:/C:/Users/Alonso/Documentos/NetBeansProjects/LP1/Infracciones2021-1Lab09/Lab09-Parte02/LAB09_PREG02/Procesa.h</file>
            <file>file:/C:/Users/Alonso/Documentos/NetBeansProjects/LP1/Infracciones2021-1Lab09/Lab09-Parte02/LAB09_PREG02/Grave.cpp</file>
            <file>file:/C:/Users/Alonso/Documentos/NetBeansProjects/LP1/Infracciones2021-1Lab09/Lab09-Parte02/LAB09_PREG02/Registro.cpp</file>
        </group>
    </open-files>
</project-private>
