<?xml version="1.0" encoding="UTF-8"?>
<configurationDescriptor version="100">
  <logicalFolder name="root" displayName="root" projectFiles="true" kind="ROOT">
    <logicalFolder name="HeaderFiles"
                   displayName="Header Files"
                   projectFiles="true">
      <itemPath>Conductor.h</itemPath>
      <itemPath>Falta.h</itemPath>
      <itemPath>Grave.h</itemPath>
      <itemPath>Infraccion.h</itemPath>
      <itemPath>Leve.h</itemPath>
      <itemPath>MuyGrave.h</itemPath>
      <itemPath>Procesa.h</itemPath>
      <itemPath>Registro.h</itemPath>
    </logicalFolder>
    <logicalFolder name="ResourceFiles"
                   displayName="Resource Files"
                   projectFiles="true">
    </logicalFolder>
    <logicalFolder name="SourceFiles"
                   displayName="Source Files"
                   projectFiles="true">
      <itemPath>Conductor.cpp</itemPath>
      <itemPath>Falta.cpp</itemPath>
      <itemPath>Grave.cpp</itemPath>
      <itemPath>Infraccion.cpp</itemPath>
      <itemPath>Leve.cpp</itemPath>
      <itemPath>MuyGrave.cpp</itemPath>
      <itemPath>Procesa.cpp</itemPath>
      <itemPath>Registro.cpp</itemPath>
      <itemPath>main.cpp</itemPath>
    </logicalFolder>
    <logicalFolder name="TestFiles"
                   displayName="Test Files"
                   projectFiles="false"
                   kind="TEST_LOGICAL_FOLDER">
    </logicalFolder>
    <logicalFolder name="ExternalFiles"
                   displayName="Important Files"
                   projectFiles="false"
                   kind="IMPORTANT_FILES_FOLDER">
      <itemPath>Makefile</itemPath>
    </logicalFolder>
  </logicalFolder>
  <projectmakefile>Makefile</projectmakefile>
  <confs>
    <conf name="Debug" type="1">
      <toolsSet>
        <compilerSet>default</compilerSet>
        <dependencyChecking>true</dependencyChecking>
        <rebuildPropChanged>false</rebuildPropChanged>
      </toolsSet>
      <compileType>
      </compileType>
      <item path="Conductor.cpp" ex="false" tool="1" flavor2="0">
      </item>
      <item path="Conductor.h" ex="false" tool="3" flavor2="0">
      </item>
      <item path="Falta.cpp" ex="false" tool="1" flavor2="0">
      </item>
      <item path="Falta.h" ex="false" tool="3" flavor2="0">
      </item>
      <item path="Grave.cpp" ex="false" tool="1" flavor2="0">
      </item>
      <item path="Grave.h" ex="false" tool="3" flavor2="0">
      </item>
      <item path="Infraccion.cpp" ex="false" tool="1" flavor2="0">
      </item>
      <item path="Infraccion.h" ex="false" tool="3" flavor2="0">
      </item>
      <item path="Leve.cpp" ex="false" tool="1" flavor2="0">
      </item>
      <item path="Leve.h" ex="false" tool="3" flavor2="0">
      </item>
      <item path="MuyGrave.cpp" ex="false" tool="1" flavor2="0">
      </item>
      <item path="MuyGrave.h" ex="false" tool="3" flavor2="0">
      </item>
      <item path="Procesa.cpp" ex="false" tool="1" flavor2="0">
      </item>
      <item path="Procesa.h" ex="false" tool="3" flavor2="0">
      </item>
      <item path="Registro.cpp" ex="false" tool="1" flavor2="0">
      </item>
      <item path="Registro.h" ex="false" tool="3" flavor2="0">
      </item>
      <item path="main.cpp" ex="false" tool="1" flavor2="0">
      </item>
    </conf>
    <conf name="Release" type="1">
      <toolsSet>
        <compilerSet>default</compilerSet>
        <dependencyChecking>true</dependencyChecking>
        <rebuildPropChanged>false</rebuildPropChanged>
      </toolsSet>
      <compileType>
        <cTool>
          <developmentMode>5</developmentMode>
        </cTool>
        <ccTool>
          <developmentMode>5</developmentMode>
        </ccTool>
        <fortranCompilerTool>
          <developmentMode>5</developmentMode>
        </fortranCompilerTool>
        <asmTool>
          <developmentMode>5</developmentMode>
        </asmTool>
      </compileType>
      <item path="Conductor.cpp" ex="false" tool="1" flavor2="0">
      </item>
      <item path="Conductor.h" ex="false" tool="3" flavor2="0">
      </item>
      <item path="Falta.cpp" ex="false" tool="1" flavor2="0">
      </item>
      <item path="Falta.h" ex="false" tool="3" flavor2="0">
      </item>
      <item path="Grave.cpp" ex="false" tool="1" flavor2="0">
      </item>
      <item path="Grave.h" ex="false" tool="3" flavor2="0">
      </item>
      <item path="Infraccion.cpp" ex="false" tool="1" flavor2="0">
      </item>
      <item path="Infraccion.h" ex="false" tool="3" flavor2="0">
      </item>
      <item path="Leve.cpp" ex="false" tool="1" flavor2="0">
      </item>
      <item path="Leve.h" ex="false" tool="3" flavor2="0">
      </item>
      <item path="MuyGrave.cpp" ex="false" tool="1" flavor2="0">
      </item>
      <item path="MuyGrave.h" ex="false" tool="3" flavor2="0">
      </item>
      <item path="Procesa.cpp" ex="false" tool="1" flavor2="0">
      </item>
      <item path="Procesa.h" ex="false" tool="3" flavor2="0">
      </item>
      <item path="Registro.cpp" ex="false" tool="1" flavor2="0">
      </item>
      <item path="Registro.h" ex="false" tool="3" flavor2="0">
      </item>
      <item path="main.cpp" ex="false" tool="1" flavor2="0">
      </item>
    </conf>
  </confs>
</configurationDescriptor>
