20120476,217250,217245
20110165,217220,217263
20114450,101286
20146553,217239,217246
20170596,101289,101292,101293
20160658,101286,101270
20102075,217245,217248,217246,217250
20166965,303781
20119778,217238,217281,217245
20003541,217263,217281
20178528,101286
20156702,721230,721239,721247
20150564,303241,303219
20109738,101209,101269,101270,217239
20127352,101269,101270,101286,101289
20081346,721230,721247
20160119,217248
20080667,303241,303219,721218
20091994,303781,721230
20135395,217248,217246,217250
20097877,721230,721239
20164217,721203,721208
20125258,217250,217246
20179442,101373,101292
20177613,101206,101209,101269
20083333,101209,101206
20167828,721227,721229,721230
