20067828,MT2583,27/04/2018
20000992,KZ6738,11/05/2018
20090858,NR4482,06/05/2018
20110564,UV2257,15/05/2018
20000349,CQ4029,26/04/2018
20110813,UZ6069,27/04/2018
20013723,AS9501,26/04/2018
20070203,IY9659,06/05/2018
20020476,IY9659,29/04/2018
20013723,JP1675,02/05/2018
20069806,HV6319,17/05/2018
20070445,AS9501,01/05/2018
20070445,CV6657,28/04/2018
20112311,AI7921,07/05/2018
20030695,GH5909,23/04/2018
20067828,DY8425,24/04/2018
19980622,RY6519,27/04/2018
20067828,EF7349,04/05/2018
20052529,PA0853,10/05/2018
20002987,JH5795,27/04/2018
20000349,KZ6738,01/05/2018
20070596,OO4960,13/05/2018
20110564,TF7016,17/05/2018
20080557,NR4482,30/04/2018
19994681,IQ3200,30/04/2018
19993541,CV6657,10/05/2018
20070203,OM5321,06/05/2018
20070203,EP9684,02/05/2018
20110930,DY8425,25/04/2018
20110823,SX7522,23/04/2018
20028353,PK0790,10/05/2018
20080557,QQ0205,24/04/2018
19990844,XA3792,04/05/2018
20090056,AY9196,07/05/2018
20019778,JP1675,13/05/2018
19993541,JD9616,29/04/2018
20112311,IO4267,27/04/2018
20110813,NN8875,11/05/2018
20110823,RU3649,13/05/2018
20070461,HV6319,10/05/2018
19980824,IY9659,10/05/2018
20036014,QY4518,29/04/2018
20078092,JD9616,02/05/2018
20030695,OM5321,04/05/2018
20090056,HV6319,01/05/2018
20000349,PA0853,14/05/2018
20110813,XP0085,23/04/2018
20069806,ZF7975,27/04/2018
20119798,RY6519,03/05/2018
20070596,RH6857,24/04/2018
20078235,TF7016,24/04/2018
20070203,UV2257,29/04/2018
20060051,EY3065,03/05/2018
20110930,JJ8861,07/05/2018
20110165,WG6535,10/05/2018
20087081,HV6319,01/05/2018
20112311,KZ6738,30/04/2018
20060735,CQ4029,10/05/2018
20087081,PW5521,01/05/2018
20000992,CI2279,11/05/2018
20083333,MT2583,06/05/2018
20020476,JP1675,06/05/2018
20020476,MZ5806,12/05/2018
20002987,AS9501,26/04/2018
20013610,PS1579,07/05/2018
20090056,TD5907,07/05/2018
20111363,YH4590,10/05/2018
20050743,NZ5630,30/04/2018
20000992,CI2279,13/05/2018
20050743,OM5321,11/05/2018
20059696,XP0085,05/05/2018
20002987,KZ6738,06/05/2018
20110930,RY6519,14/05/2018
20050743,IQ3200,03/05/2018
20036014,OM6583,10/05/2018
20047727,VV6733,09/05/2018
20083333,UK4282,08/05/2018
20112311,CI2279,24/04/2018
20036014,PY0488,11/05/2018
20060051,PA0853,28/04/2018
20080557,PY0488,14/05/2018
19994681,MZ6529,29/04/2018
19993541,CV6657,29/04/2018
20047727,UK4282,16/05/2018
20059696,CV6657,04/05/2018
20050743,IU1945,13/05/2018
20090858,TD5907,05/05/2018
20010141,AP2529,05/05/2018
20080708,IU1945,09/05/2018
20070461,EL6860,28/04/2018
20019778,PK0790,06/05/2018
20060735,QQ0205,10/05/2018
20028353,ZF7975,10/05/2018
19990844,IO4267,27/04/2018
20036014,QI9476,29/04/2018
20078092,EL3985,24/04/2018
20090858,JD9616,11/05/2018
20000992,GH5909,02/05/2018
20069806,UC1640,15/05/2018
20090056,KK3749,12/05/2018
20110028,PA0853,03/05/2018
20013610,BH3100,05/05/2018
20030695,PA0853,08/05/2018
20060119,ZF7975,02/05/2018
19980920,DC5635,04/05/2018
20110564,IO4267,23/04/2018
20090858,ER2937,26/04/2018
19993541,GH5909,29/04/2018
20070203,OM6583,09/05/2018
20090858,NR4482,30/04/2018
19980622,XG5854,02/05/2018
19994681,IY9659,12/05/2018
20007594,SC2766,05/05/2018
20110564,UT7122,13/05/2018
20090858,NN8875,25/04/2018
20112311,CV6657,15/05/2018
20059696,NL2557,09/05/2018
20002987,PS1579,09/05/2018
20112311,PK0790,10/05/2018
20110823,JD9616,05/05/2018
20060735,EL3985,12/05/2018
20090056,VV6733,28/04/2018
20119798,QQ0205,10/05/2018
20080557,UC1640,23/04/2018
20020476,AS9501,23/04/2018
19980622,BZ7395,12/05/2018
20070461,BH3100,14/05/2018
20110930,NZ5630,16/05/2018
20112311,OM5321,16/05/2018
20019778,RH6857,25/04/2018
19980920,UZ6069,24/04/2018
20070461,TF7016,16/05/2018
20080708,WG6535,18/05/2018
20080557,ZF7975,25/04/2018
20078235,QQ0205,01/05/2018
20112311,PS1579,09/05/2018
20110813,UZ6069,28/04/2018
20110564,RH6857,02/05/2018
20069806,TF7016,09/05/2018
20087081,OM6583,15/05/2018
20019778,TD5907,28/04/2018
20002987,JJ8861,14/05/2018
20047727,UP4621,15/05/2018
20060119,CV6657,07/05/2018
20110028,PA0853,30/04/2018
20115157,QQ0205,17/05/2018
20111363,EY3065,18/05/2018
20070596,KZ6738,07/05/2018
20013723,RY6519,13/05/2018
20110028,MZ6529,02/05/2018
