<?xml version="1.0" encoding="UTF-8"?>
<project-private xmlns="http://www.netbeans.org/ns/project-private/1">
    <data xmlns="http://www.netbeans.org/ns/make-project-private/1">
        <activeConfTypeElem>1</activeConfTypeElem>
        <activeConfIndexElem>0</activeConfIndexElem>
    </data>
    <editor-bookmarks xmlns="http://www.netbeans.org/ns/editor-bookmarks/2" lastBookmarkId="0"/>
    <open-files xmlns="http://www.netbeans.org/ns/projectui-open-files/2">
        <group>
            <file>file:/C:/Users/Alonso/Documentos/NetBeansProjects/LP1/Infracciones2021-1Lab09/Lab09-Parte01/LAB09_PREG01/Conductor.h</file>
            <file>file:/C:/Users/Alonso/Documentos/NetBeansProjects/LP1/Infracciones2021-1Lab09/Lab09-Parte01/LAB09_PREG01/Falta.cpp</file>
            <file>file:/C:/Users/Alonso/Documentos/NetBeansProjects/LP1/Infracciones2021-1Lab09/Lab09-Parte01/LAB09_PREG01/Infraccion.cpp</file>
            <file>file:/C:/Users/Alonso/Documentos/NetBeansProjects/LP1/Infracciones2021-1Lab09/Lab09-Parte01/LAB09_PREG01/MuyGrave.h</file>
            <file>file:/C:/Users/Alonso/Documentos/NetBeansProjects/LP1/Infracciones2021-1Lab09/Lab09-Parte01/LAB09_PREG01/Registro.cpp</file>
            <file>file:/C:/Users/Alonso/Documentos/NetBeansProjects/LP1/Infracciones2021-1Lab09/Lab09-Parte01/LAB09_PREG01/Procesa.cpp</file>
            <file>file:/C:/Users/Alonso/Documentos/NetBeansProjects/LP1/Infracciones2021-1Lab09/Lab09-Parte01/LAB09_PREG01/Registro.h</file>
            <file>file:/C:/Users/Alonso/Documentos/NetBeansProjects/LP1/Infracciones2021-1Lab09/Lab09-Parte01/LAB09_PREG01/main.cpp</file>
            <file>file:/C:/Users/Alonso/Documentos/NetBeansProjects/LP1/Infracciones2021-1Lab09/Lab09-Parte01/LAB09_PREG01/Falta.h</file>
            <file>file:/C:/Users/Alonso/Documentos/NetBeansProjects/LP1/Infracciones2021-1Lab09/Lab09-Parte01/LAB09_PREG01/Leve.h</file>
            <file>file:/C:/Users/Alonso/Documentos/NetBeansProjects/LP1/Infracciones2021-1Lab09/Lab09-Parte01/LAB09_PREG01/Procesa.h</file>
            <file>file:/C:/Users/Alonso/Documentos/NetBeansProjects/LP1/Infracciones2021-1Lab09/Lab09-Parte01/LAB09_PREG01/MuyGrave.cpp</file>
            <file>file:/C:/Users/Alonso/Documentos/NetBeansProjects/LP1/Infracciones2021-1Lab09/Lab09-Parte01/LAB09_PREG01/Conductor.cpp</file>
            <file>file:/C:/Users/Alonso/Documentos/NetBeansProjects/LP1/Infracciones2021-1Lab09/Lab09-Parte01/LAB09_PREG01/Grave.h</file>
            <file>file:/C:/Users/Alonso/Documentos/NetBeansProjects/LP1/Infracciones2021-1Lab09/Lab09-Parte01/LAB09_PREG01/Infraccion.h</file>
            <file>file:/C:/Users/Alonso/Documentos/NetBeansProjects/LP1/Infracciones2021-1Lab09/Lab09-Parte01/LAB09_PREG01/Leve.cpp</file>
            <file>file:/C:/Users/Alonso/Documentos/NetBeansProjects/LP1/Infracciones2021-1Lab09/Lab09-Parte01/LAB09_PREG01/Grave.cpp</file>
        </group>
    </open-files>
</project-private>
