FAY216,LECHE LALA SEMI DESLACTOSADA 1LT,19,16.98,71378466,26/10/2020
MDA345,YOGHURT NATURAL LIGHT LALA 1KG,%4.7,8,25.86,32821689,19/04/2020
WCF779,LICUADO LALA CIRUELA PASA Y NUEZ 240GR,%5.13,19,10.89,33713901,19/04/2020
FRM097,BEBIDA NARANJA BEBERE 470ML,%13.59,11,6.72,33397650,17/08/2019
LPP315,CHILE PUYA DE LOS ALTOS 100GR,12,10.85,79140840,15/04/2021
HDH878,DONAS BIMBO 157.5GR 6 PZA PROMOCION,%8.1,23,10.77,33713901,2/09/2021
RSU947,TE DE MANZANILLA NEBO 24 1GR,19,13.81,46462527,18/10/2019
XFA701,FLAN LALA SABOR VAINILLA 100GR,18,5.88,48184351,2/02/2022
DJC285,SEMILLA DE ACELGA MINA,14,15.07,46462527,26/07/2019
TVM516,REBANADAS BIMBO 110GR,%7.42,13,8.73,33397650,13/12/2020
YHH034,BEBIDA DE SOYA ADES GUANABANA 946ML,%8.37,23,18.07,45783712,5/01/2019
GKY372,GALLETAS CREMAX DE NIEVE VAINILLA 416GR,%7.99,8,26.76,33713901,3/12/2019
OJC654,YOGHURT CON DURAZNO LALA 1KG,14,25.15,46462527,14/07/2020
KPJ711,PALOMITAS POFETS FLAMIN HOT 28GR,24,6.88,57263719,1/01/2022
JGP724,YOGHURT P BEBER FRUGGIS FRESA 150GR,17,5.29,71984468,6/10/2019
CPB299,POLVO PARA HORNEAR REXAL 15KILOS,%5.67,2,350.22,33397650,1/01/2019
DMO873,SANDWICH COMBINADA 3 FLORES 150GR,%3.18,9,8.23,17913944,20/10/2019
BNE007,CHAMYTO BIG 114ML,16,7.58,79475585,14/05/2020
CCQ309,CHILE PASILLA MULATO LARGO 100GR,%12.13,4,18.19,62566305,23/11/2020
WRW928,YOGHURT P BEBER LACTIGURT COCO 250G,13,9.87,76388967,9/05/2020
RRS386,ZENZO BAR FRESA 66GR,%9.41,20,4.05,45783712,1/07/2019
WIO334,PAPAYA,11,20.99,33397650,7/10/2020
VYH871,NESQUIK CHOCOLATE 200GR,19,13.51,17913944,29/11/2021
ZYR094,VUALA CAJETA 84GR,%11.43,17,5.25,79475585,7/09/2020
SMQ815,CONDIMENTO PARA BIRRIA CUCU.,%10.56,4,80.95,76388967,21/04/2019
RTU236,PAN DE MUERTO GRANDE,%2.63,24,25.42,81114108,6/10/2020
CTR563,VAINILLA MOLINA 500ML,%13.42,3,19.26,79140840,20/05/2021
TQU476,NESCAFE DOLCA 200GR,%6.26,14,42.01,17913944,28/12/2019
TCJ670,YOGHURT FRESA NESTLE 1KG,%12.73,14,23.27,79140840,18/05/2019
JGS495,MAIZENA NATURAL 750GR,22,43.62,81114108,5/06/2020
AGB147,PALOMITAS POFETS FLAMIN HOT 28GR,19,6.88,79475585,16/12/2019
EPT862,PINGUINOS MARINELA 40GR,%7.02,17,4.4,48184351,25/07/2019
LOA323,GELATINA SABOR PI�A LIGHT LA GLORIA 25GR,%12.04,21,8.51,29847168,1/01/2021
GFW165,YOGHURT CON DURAZNO LALA 1KG,14,25.15,48184351,29/03/2022
VYG314,GELATINA DANY LIMON 125GR,7,5.38,17913944,23/09/2019
OTD480,FRIJOLES REFRITOS ISADORA 430GR,%1.92,21,13.28,45783712,2/10/2020
RAV186,GALLETAS SUAVICREMAS FRESA 158GR,13,13.85,91897732,20/07/2020
WXZ268,ALUBIAS ANTIQUA 540GR,%8.19,6,17.85,46462527,16/08/2020
ZNQ329,JUGO DE UVA MINUTE MAID 200ML,%8.24,13,4.39,57263719,19/05/2020
RGI240,BARRA DE HOGUELAS DE ARROZ Y TRIGO 24 GR,%3.33,14,4.83,33397650,1/02/2019
YXQ457,LIMONADA H2O 250ML,%4.82,25,8.58,17913944,13/08/2020
EWQ268,PALOMITAS POFETS FLAMIN HOT 28GR,24,6.88,33397650,5/06/2019
ARQ044,MANGO ECUATORIANO,%11.83,21,16.5,46462527,9/10/2019
LYQ603,NARANJA SIN SEMILLA,12,10.24,33713901,5/08/2020
TYD312,NESCAFE DOLCA 200GR,%6.26,25,42.01,48184351,2/06/2019
ISG853,LECHE EN POLVO NIDO KINDER 400GR,%2.09,10,39.84,33397650,29/07/2019
TOP017,CROQUETAS PEDIGREE BENEFUL 10.1KG,%12.84,1,270.88,29847168,2/08/2021
YNM350,PASTILLA PEPTO BISMOL,%2.41,14,3.15,48184351,31/12/2020
MWC081,YOGHURT NATURAL LIGHT LALA 1KG,%4.7,13,25.86,71378466,19/03/2020
GIX433,AGUA NIAGARA 500ML,%0.94,4,5.64,32821689,28/04/2020
EZX531,ACHIOTE MARIN 130GR,5,8.71,32821689,19/10/2021
KST413,CROQUETAS PEDIGREE BENEFUL 10.1KG,%12.84,10,270.88,33397650,28/06/2019
JYF824,TANJERINA,16,5.58,32821689,10/10/2020
WNV654,PALOMITAS POFETS FLAMIN HOT 28GR,23,6.88,83236386,15/08/2019
VNB505,TANJERINA,6,5.58,46462527,12/10/2019
BNG728,ACHIOTE LA EXTRA 1KG,%6.77,7,45.54,46462527,27/12/2021
UMH316,TOSTILOCOS PREPARADOS,%4.83,1,25.53,17913944,15/10/2020
GOV883,PINGUINOS MARINELA 40GR,%7.02,21,4.4,81114108,10/07/2019
OJO070,CHILES CHIPOTLES LA COSTENA 380GR,19,18.53,46462527,3/10/2021
EZJ651,PAPA EN CUBOS DEL FUERTE 12 380GR.,13,9.53,33397650,26/12/2021
TYP962,LICUADO LALA CIRUELA PASA Y NUEZ 240GR,%5.13,10,10.89,76388967,29/11/2020
FDQ385,CHILE PASILLA MULATO LARGO 100GR,%12.13,23,18.19,48184351,29/09/2021
GJX975,CORAZONES DE OREJONA PZA,%14.32,2,10.79,62566305,27/02/2021
XIL352,YOGHURT P BEBER LACTIGURT COCO 250G,1,9.87,81114108,24/01/2022
MPS752,MEDIA CREMA NESTLE 1LT,%1.35,15,40.8,71984468,7/08/2019
QKA145,NARANJA SIN SEMILLA,7,10.24,45783712,27/09/2019
IKV163,PAPA EN CUBOS DEL FUERTE 12 380GR.,22,9.53,91897732,9/11/2021
GZM689,TANJERINA,20,5.58,57263719,25/09/2020
BPY520,TORTILLAS DE MAIZ 1KG,%7.91,6,14.93,33713901,26/01/2020
EAP247,TORTILLAS DE MAIZ 1KG,%7.91,18,14.93,29847168,4/03/2020
QAK642,SOPA MARUCHAN CAMARON 71GR,%10.53,11,7.68,29847168,26/06/2020
PIZ883,CORAZONES DE OREJONA PZA,%14.32,2,10.79,46462527,16/03/2021
QXS354,PINGUINOS MARINELA 40GR,%7.02,19,4.4,91897732,9/03/2021
KWQ868,PAPATINAS CHILIX 25GR,20,4.71,79475585,24/01/2021
LSF152,CONDIMENTO PARA BIRRIA CUCU.,%10.56,1,80.95,91897732,4/10/2021
TUC054,ZENZO BAR FRESA 66GR,%9.41,20,4.05,81114108,5/02/2022
SRT338,MIEL DE ABEJA VIRGEN 1KG,%0.21,12,30.92,17913944,22/04/2021
PUU204,GALLETAS LORS SNACKS MARINELA 75GR,%8.69,4,9.54,71378466,17/01/2021
SYR212,OREO C TROZOS DE CHOCOLATE 473ML,6,25.95,32821689,1/01/2021
CNI156,CONCHAS BIMBO 120GR,16,15.55,57263719,22/11/2021
PKJ721,SOPA MARUCHAN POLLO 12 64GR,25,66.7,29847168,23/04/2021
LTH458,SOPA MARUCHAN POLLO 12 64GR,15,66.7,91897732,5/07/2021
BPO839,SABRITAS ORIGINAL SAL 490GR,6,63.3,79140840,28/05/2021
ORQ738,SOPA MARUCHAN POLLO 12 64GR,20,66.7,76388967,3/02/2019
DYT695,CORNETO CLASSIC LOVE,%10.33,1,19.45,17913944,29/11/2020
CFS987,SALSA TERIYAKI KIKKOMAN B.EN GRASA 296ML,7,14.41,57263719,6/01/2022
IDL789,GELATINA SABOR PI�A LIGHT LA GLORIA 25GR,%12.04,7,8.51,33397650,15/01/2021
VNU061,MAIZ POZOLERO TEASDALE 3.06KG,21,50.55,79140840,17/07/2021
ZQW769,GELATINA DANY LIMON 125GR,9,5.38,81114108,5/11/2020
NUD804,PAPA EN CUBOS DEL FUERTE 12 380GR.,23,9.53,48184351,31/05/2020
IQR972,SABRITAS ORIGINAL SAL 490GR,15,63.3,17913944,5/02/2021
QNX158,TORTILLAS DE HARINA DEL HOGAR 15PZAS,9,17.44,45783712,6/07/2020
QSL689,LECHUGA ROMANA,22,20.79,83236386,3/08/2019
QGJ663,PASTILLA PEPTO BISMOL,%2.41,9,3.15,81114108,9/03/2020
FLV982,ZAPOTE,%3.71,16,28.39,81114108,21/09/2020
AFG743,TOSTADAS HORNEADAS DEL HOGAR 210GR,6,11.34,79140840,21/02/2022
JEU439,SOPA MARUCHAN CAMARON 71GR,%10.53,13,7.68,46462527,6/06/2021
AKL299,HARINA DE ARROZ DULCE 454GR,19,21.13,71378466,4/01/2021
MLU539,ANIS VERDE,12,95.95,46462527,29/05/2021
BJZ001,FLAN LALA SABOR VAINILLA 100GR,12,5.88,71984468,11/02/2022
FOL644,SAL BAJA PACIFIC BOLSA 1KGR,%5.11,9,5.26,81114108,13/07/2021
NTP470,SALSA DE CHILE PERON PURHEPECHA 260GR,%11.51,3,14.47,62566305,30/07/2020
SDA460,PINGUINOS MARINELA 40GR,%7.02,20,4.4,29847168,30/12/2019
FLV754,EMPANIZADOR CONTADINA TRADICIONAL 283GR,2,16.5,46462527,12/03/2020
RTI494,MEDIA CREMA NESTLE 1LT,%1.35,14,40.8,79475585,18/07/2020
APF705,GALLETAS CREMAX DE NIEVE VAINILLA 416GR,%7.99,17,26.76,62566305,23/01/2022
ZYK783,VINAGRE BLANCO CLEMENTE JACQUES 3.8LT,20,24.29,76388967,5/01/2019
ZGJ107,ALUBIAS ANTIQUA 540GR,%8.19,13,17.85,33713901,6/05/2019
GTH818,SAZONADOR SPECIAL VALUE 453G,9,28.24,46462527,27/05/2019
LON946,YOGHURT LALA FRESA 240GR,%7.62,17,6.68,71984468,28/11/2021
LOT999,YOGHURT P BEBER FRUGGIS FRESA 150GR,16,5.29,83236386,11/09/2020
EIX109,ELOTE DORADO DEL MONTE 225GR,17,5.92,83236386,13/07/2019
CPY121,NESQUIK CHOCOLATE 200GR,5,13.51,83236386,20/10/2021
YVX708,CHAMPINIONES TROCITOS MONTEBLANCO 380GR,%0.82,20,18.99,71984468,5/03/2021
URY351,JUGO DE UVA MINUTE MAID 200ML,%8.24,2,4.39,79475585,30/04/2020
IOF258,CHAMPINIONES TROCITOS MONTEBLANCO 380GR,%0.82,5,18.99,83236386,6/08/2020
JZF150,YOGHURT FRESA NESTLE 1KG,%12.73,14,23.27,81114108,19/05/2019
EDK831,SABRITAS ORIGINAL SAL 490GR,10,63.3,71984468,26/11/2020
QDA084,EMPANIZADOR CONTADINA TRADICIONAL 283GR,4,16.5,33713901,19/03/2019
RMD500,YOGHURT FRESA NESTLE 1KG,%12.73,15,23.27,79140840,29/05/2019
XQL366,TE LIPTON NATURAL 100 226GR,%14.57,13,71.68,33397650,24/03/2021
OEN154,ZENZO BAR FRESA 66GR,%9.41,16,4.05,32821689,10/02/2020
VIX712,SABRITAS ORIGINAL SAL 490GR,18,63.3,91897732,17/12/2021
LVZ379,LICUADO LALA CIRUELA PASA Y NUEZ 240GR,%5.13,22,10.89,71378466,19/12/2021
ABL244,LECHE LALA SEMI DESLACTOSADA 1LT,14,16.98,17913944,4/07/2021
XLJ218,YOGHURT FRESA NESTLE 1KG,%12.73,15,23.27,48184351,18/04/2019
TSB522,CORAZONES DE OREJONA PZA,%14.32,5,10.79,33713901,2/12/2019
CAB090,ELOTE DORADO DEL MONTE 225GR,14,5.92,57263719,27/07/2020
NBF044,MOLE SURTIDO CON ESPECIAS 250GR,3,25.11,48184351,17/04/2020
RMK547,MAIZ POZOLERO TEASDALE 3.06KG,7,50.55,57263719,10/10/2021
IYS769,LECHE YAQUI DESLACTOSADA 1LT,18,19.31,29847168,2/11/2021
UKO483,YOGHURT NATURAL LIGHT LALA 1KG,%4.7,5,25.86,33397650,11/11/2021
TTB188,SEMILLAS DE CHILE HABANEROMANZANO.3GR,%7.75,24,15.31,71378466,29/05/2020
BKG451,PAN DE MUERTO GRANDE,%2.63,25,25.42,32821689,1/07/2021
UFC690,FRIJOLES PUERCOS LILIS 500GR,%8.22,19,16.26,46462527,23/08/2021
OLT478,TAMPICO CITRUS PUNCH 3.78LTS,%4.3,10,29.35,17913944,22/03/2021
EKL497,YOGHURT FRESA NESTLE 1KG,%12.73,23,23.27,91897732,13/03/2019
ULW068,CHURROMAIS CON LIMON 38GR,%1.17,13,5.62,71378466,24/04/2019
