14/01/2018,16:23:48,RY6519
27/03/2018,16:22:48,HV6319
30/03/2018,14:08:18,OM6583
12/01/2018,16:34:36,UT7122
01/04/2018,14:45:10,NZ5630
08/03/2018,08:31:47,OM5321
11/05/2018,15:45:48,NL2557
16/03/2018,10:59:31,RU3649
27/01/2018,08:44:18,RY6519
09/04/2018,08:41:51,IY9659
29/01/2018,14:14:21,OQ5947
14/02/2018,11:33:04,QY4518
10/01/2018,11:44:18,NL2557
02/01/2018,15:29:48,ZF7975
02/03/2018,12:33:07,ZF7975
21/04/2018,10:51:27,NN8875
24/01/2018,14:14:56,CQ4029
11/04/2018,14:36:40,IU1945
05/04/2018,14:10:54,NR4482
24/02/2018,08:42:17,AY9196
28/03/2018,11:59:34,IU1945
24/01/2018,10:36:29,XA3792
15/03/2018,14:39:42,AP2529
11/02/2018,12:07:47,PK0790
27/05/2018,13:43:32,JT9902
09/05/2018,09:49:32,OM6583
13/02/2018,16:47:08,JT9902
27/01/2018,16:52:45,SX7522
21/04/2018,09:44:30,WG6535
14/02/2018,14:31:12,UT7122
25/04/2018,09:25:55,RU3649
23/05/2018,13:53:28,TD5907
12/05/2018,09:26:38,OM5321
01/02/2018,12:16:25,NZ5630
03/05/2018,12:11:05,HV6319
24/04/2018,16:16:28,PS1579
25/02/2018,09:00:26,AI7921
21/02/2018,12:21:01,PS1579
23/05/2018,10:57:30,CI2279
01/02/2018,16:38:30,MT2583
02/03/2018,15:45:04,NN8875
23/04/2018,16:43:32,JT9902
15/03/2018,10:12:26,IU1945
28/01/2018,08:31:21,EP9684
26/04/2018,13:32:44,DY8425
01/05/2018,14:42:17,RN0673
13/05/2018,10:01:29,KP8208
30/03/2018,16:24:14,SC2766
07/04/2018,15:12:23,UK4282
15/03/2018,13:39:13,AP2529
05/02/2018,09:48:23,HV6319
20/04/2018,10:14:44,NN8875
20/04/2018,13:31:00,OM5321
10/01/2018,11:37:41,CQ4029
18/04/2018,15:16:42,NL2557
23/04/2018,09:29:40,OQ5947
31/01/2018,15:19:52,PK0790
05/05/2018,13:51:10,EP9684
04/05/2018,11:06:26,SX7522
29/05/2018,10:39:39,OM6583
09/04/2018,11:15:22,ZF7975
25/02/2018,08:41:34,JD9616
14/02/2018,15:32:50,PA0853
10/02/2018,15:51:07,IY9659
28/04/2018,10:13:18,UP4621
19/05/2018,16:31:00,TF7016
08/02/2018,16:46:51,CQ4029
27/05/2018,12:23:20,BZ7395
15/02/2018,14:43:52,QQ0205
11/04/2018,10:27:24,MZ5806
10/05/2018,15:41:54,BH3100
25/05/2018,16:07:58,EY3065
25/04/2018,10:24:32,RN0673
25/02/2018,08:58:25,PS1579
25/04/2018,13:02:21,DY8425
14/04/2018,11:20:33,NR4482
05/01/2018,13:29:08,MZ6529
15/01/2018,14:00:14,WG6535
08/05/2018,15:25:29,BZ7395
30/01/2018,15:19:35,AY9196
19/05/2018,12:05:02,AY9196
28/04/2018,13:54:55,AI7921
19/04/2018,11:14:56,PK0790
12/05/2018,16:10:25,AY9196
30/05/2018,16:03:13,JT9902
05/05/2018,15:08:04,UV2257
27/05/2018,11:32:38,AY9196
04/05/2018,11:08:18,EF3635
22/05/2018,15:16:25,GH5909
19/04/2018,11:51:39,MZ5806
25/01/2018,14:51:04,UV2257
19/04/2018,13:45:42,BZ7395
07/02/2018,15:28:57,GH5909
13/02/2018,15:49:06,KZ6738
04/05/2018,11:23:43,KK3749
18/05/2018,10:32:18,IU1945
03/05/2018,14:10:02,TF7016
24/04/2018,11:27:19,DY8425
28/04/2018,14:11:20,EP9684
14/02/2018,16:14:27,AY9196
20/05/2018,13:46:16,ER2937
07/05/2018,14:42:17,TD5907
23/04/2018,10:49:00,ER2937
16/04/2018,12:05:28,EY3065
23/04/2018,14:22:08,EP9684
13/02/2018,11:44:01,IQ3200
21/04/2018,12:32:15,WG6535
18/01/2018,12:59:20,OO4960
22/05/2018,13:05:48,RH6857
02/02/2018,14:25:09,NR4482
12/05/2018,14:31:47,MZ5806
29/04/2018,14:23:25,UV2257
26/01/2018,15:00:17,WG6535
04/02/2018,15:55:52,EF7349
18/02/2018,09:58:11,QQ0205
22/04/2018,16:16:36,MZ6529
07/04/2018,11:46:45,RU3649
04/01/2018,13:21:30,JT9902
22/01/2018,14:38:41,AP2529
30/04/2018,16:35:54,SX7522
23/02/2018,14:26:01,UZ6069
10/02/2018,14:31:29,JT9902
02/01/2018,10:30:26,OM5321
18/05/2018,10:24:58,UT7122
18/02/2018,16:42:40,QY4518
07/01/2018,14:35:31,EF7349
08/02/2018,11:52:57,HV6319
17/04/2018,13:25:32,NZ5630
26/03/2018,11:18:23,JH5795
21/04/2018,11:25:09,XG5854
02/04/2018,11:02:59,ZF7975
15/01/2018,10:18:55,BZ7395
27/02/2018,10:22:39,WG6535
25/05/2018,15:56:53,XA3792
16/01/2018,16:08:59,BH3100
29/04/2018,13:34:28,TF7016
11/03/2018,11:34:22,RP9394
08/05/2018,14:35:05,AY9196
21/01/2018,15:51:07,HV6319
27/01/2018,14:21:16,OO4960
07/04/2018,10:23:14,OO4960
24/05/2018,08:35:05,IQ3200
21/04/2018,16:38:38,OM5321
22/04/2018,12:57:10,BH3100
28/01/2018,09:20:10,AY9196
21/02/2018,12:36:52,EL3985
09/02/2018,16:55:12,YH4590
24/03/2018,13:29:00,JT9902
23/03/2018,14:13:55,KZ6738
21/03/2018,13:20:38,OM6583
05/01/2018,14:18:06,AS9501
07/05/2018,13:15:01,GE8514
10/03/2018,09:44:04,JH5795
21/02/2018,11:17:23,PY0488
15/02/2018,16:19:12,RH6857
04/04/2018,16:23:14,JJ8861
17/03/2018,13:30:17,YH4590
10/04/2018,09:19:09,KZ6738
10/05/2018,14:58:25,PA0853
20/01/2018,15:14:07,OQ5947
12/03/2018,14:53:23,EF3635
28/03/2018,11:51:39,GQ8306
22/01/2018,12:35:08,IO4267
28/04/2018,13:22:05,KP8208
08/03/2018,15:21:10,AY9196
28/04/2018,15:41:11,JD9616
05/05/2018,11:30:46,NZ5630
30/04/2018,14:23:34,GH5909
22/05/2018,13:57:13,UV2257
27/05/2018,09:40:11,IY9659
18/04/2018,11:58:51,DY8425
13/05/2018,15:37:00,AY9196
16/03/2018,13:05:57,RH6857
14/04/2018,13:44:59,CV6657
27/04/2018,14:50:30,IY9659
05/04/2018,16:41:48,CV6657
03/05/2018,15:39:53,AP2529
12/01/2018,13:46:08,RN0673
24/03/2018,13:52:45,EL6860
14/02/2018,08:38:59,EP9684
23/03/2018,10:33:01,UZ6069
09/02/2018,15:15:50,PW5521
31/01/2018,09:37:09,WG6535
22/01/2018,11:25:26,PY0488
29/04/2018,11:02:15,AI7921
12/02/2018,12:47:05,DY8425
13/01/2018,16:20:38,UK4282
25/04/2018,16:06:40,XA3792
18/05/2018,13:56:21,UZ6069
25/05/2018,08:33:13,RN0673
27/01/2018,11:12:46,KK3749
09/02/2018,14:39:59,JH5795
02/01/2018,10:26:50,UC1640
24/03/2018,10:06:23,OQ5947
04/03/2018,14:39:42,QI9476
21/01/2018,10:41:40,GH5909
14/01/2018,13:56:38,RN0673
22/03/2018,10:10:34,VV6733
18/01/2018,11:34:31,DY8425
18/05/2018,15:36:00,AS9501
13/01/2018,12:05:20,EP9684
16/02/2018,16:39:30,PY0488
31/03/2018,10:54:55,XP0085
29/05/2018,09:12:49,PA0853
21/02/2018,16:37:12,JP1675
09/03/2018,10:24:49,GE8514
03/05/2018,08:31:38,KZ6738
07/04/2018,10:01:38,SC2766
17/01/2018,10:06:49,PW5521
20/03/2018,13:55:12,MZ6529
08/05/2018,08:41:25,VV6733
24/02/2018,09:21:19,NR4482
20/02/2018,16:47:25,OO4960
04/05/2018,16:57:56,RP9394
10/02/2018,10:45:59,CI2279
03/01/2018,09:58:54,EL6860
04/03/2018,11:16:05,PK0790
30/04/2018,10:42:49,JJ8861
27/03/2018,12:17:43,DY8425
11/03/2018,12:44:47,NR4482
07/04/2018,13:55:38,UK4282
16/04/2018,15:30:40,GE8514
10/02/2018,11:21:42,CI2279
16/05/2018,14:26:36,MZ5806
08/04/2018,12:28:13,SX7522
16/03/2018,10:36:55,AI7921
23/04/2018,09:37:00,GH5909
22/02/2018,16:10:51,EL3985
20/04/2018,09:56:53,EP9684
03/02/2018,14:45:27,EY3065
17/01/2018,13:58:57,EP9684
14/04/2018,10:56:04,PA0853
02/04/2018,09:39:36,NN8875
28/04/2018,14:25:09,UV2257
17/04/2018,16:10:08,UV2257
27/05/2018,16:16:36,OQ5947
17/01/2018,13:16:28,RN0673
23/03/2018,10:45:24,BZ7395
04/01/2018,11:53:31,IQ3200
02/02/2018,15:14:15,RN0673
18/01/2018,14:28:02,XP0085
10/05/2018,14:40:51,KZ6738
11/03/2018,11:39:50,RH6857
01/01/2018,09:29:48,UC1640
18/02/2018,10:43:06,NN8875
07/01/2018,11:03:50,XP0085
22/05/2018,09:47:48,IQ3200
14/02/2018,16:56:04,JP1675
29/05/2018,09:57:19,RP9394
22/02/2018,09:19:52,AS9501
15/05/2018,16:23:31,HV6319
20/03/2018,13:10:25,PA0853
05/03/2018,08:59:25,EF3635
11/04/2018,10:18:55,NR4482
07/02/2018,10:27:59,AY9196
08/01/2018,16:01:38,KZ6738
12/02/2018,11:37:41,QI9476
01/01/2018,12:31:49,XA3792
25/02/2018,14:53:57,RH6857
12/01/2018,16:33:36,JD9616
31/03/2018,13:32:10,EF3635
12/02/2018,15:02:18,JP1675
09/02/2018,13:13:52,AS9501
04/04/2018,13:12:52,JD9616
15/02/2018,11:17:31,RY6519
18/01/2018,16:16:54,JD9616
24/03/2018,12:59:46,RH6857
05/05/2018,12:32:41,IY9659
03/04/2018,09:07:55,RU3649
24/01/2018,16:26:15,RN0673
09/04/2018,10:09:24,NL2557
31/01/2018,10:41:57,UK4282
12/01/2018,14:16:39,IY9659
29/01/2018,11:09:45,HV6319
09/01/2018,12:48:32,PY0488
29/01/2018,08:40:25,AS9501
28/03/2018,12:46:39,GE8514
19/04/2018,10:36:29,GQ8306
01/02/2018,10:06:23,ZF7975
04/01/2018,10:16:11,OM6583
07/05/2018,11:39:42,CV6657
18/04/2018,15:47:40,IQ3200
29/03/2018,12:13:24,UT7122
01/01/2018,11:00:32,XP0085
03/05/2018,16:08:41,DC5635
29/01/2018,12:29:40,GE8514
25/02/2018,16:56:04,RU3649
12/04/2018,10:00:03,XG5854
14/02/2018,13:59:14,MZ5806
22/03/2018,09:47:23,ER2937
28/02/2018,12:51:07,JP1675
01/04/2018,16:02:56,XP0085
09/05/2018,11:17:57,UP4621
29/03/2018,09:25:29,OQ5947
05/03/2018,10:40:48,UK4282
16/01/2018,12:46:57,EL6860
27/05/2018,09:14:59,CV6657
19/05/2018,14:37:58,JH5795
31/05/2018,12:36:00,MT2583
19/02/2018,09:40:19,JD9616
31/01/2018,13:51:36,SC2766
30/03/2018,16:26:33,ER2937
15/04/2018,09:08:56,NL2557
23/02/2018,09:30:32,EF3635
01/02/2018,14:42:00,AY9196
22/05/2018,15:13:24,UK4282
03/02/2018,16:22:05,PY0488
08/01/2018,16:54:37,PS1579
15/02/2018,08:43:44,VV6733
09/04/2018,12:32:41,HV6319
27/03/2018,09:31:49,EP9684
18/03/2018,12:43:21,HV6319
25/03/2018,09:31:15,MZ5806
10/03/2018,14:59:00,VV6733
20/05/2018,08:50:12,PA0853
26/04/2018,08:38:33,JP1675
08/02/2018,12:47:48,BZ7395
15/05/2018,11:52:39,CQ4029
14/03/2018,12:15:50,AY9196
13/01/2018,13:20:04,UP4621
08/01/2018,14:14:56,OM6583
10/03/2018,16:11:17,OO4960
01/04/2018,15:10:57,IU1945
09/05/2018,11:35:48,CQ4029
14/01/2018,10:20:21,TD5907
09/02/2018,16:37:55,PY0488
20/05/2018,15:21:45,SX7522
21/05/2018,14:59:00,PK0790
19/02/2018,13:00:29,IY9659
20/05/2018,16:06:06,OM6583
29/01/2018,16:57:04,SX7522
09/01/2018,15:28:48,JH5795
06/03/2018,14:36:14,BZ7395
06/01/2018,16:06:49,JD9616
06/02/2018,15:21:27,EF3635
03/05/2018,13:57:04,UV2257
08/04/2018,14:13:03,JH5795
30/01/2018,13:05:31,PS1579
13/02/2018,13:20:30,CI2279
05/04/2018,08:36:58,NN8875
11/05/2018,15:09:48,JJ8861
22/05/2018,10:57:30,GH5909
09/02/2018,15:24:29,PY0488
29/03/2018,11:33:39,PA0853
13/05/2018,12:32:41,JJ8861
09/03/2018,14:12:12,RU3649
29/05/2018,14:06:26,GQ8306
03/05/2018,08:51:56,EY3065
25/05/2018,10:37:12,XA3792
27/05/2018,12:59:54,CQ4029
16/01/2018,11:12:12,ZF7975
27/03/2018,14:37:06,JJ8861
13/04/2018,08:32:04,KZ6738
19/01/2018,08:40:08,OQ5947
23/04/2018,16:33:01,UC1640
17/05/2018,14:17:57,AI7921
03/05/2018,11:31:55,EP9684
06/03/2018,16:53:46,QY4518
28/05/2018,09:57:01,ZF7975
14/02/2018,16:18:46,JP1675
05/02/2018,12:49:58,PA0853
27/01/2018,08:53:40,DY8425
03/05/2018,10:56:38,EL6860
21/01/2018,15:37:44,MZ5806
26/05/2018,14:08:01,DY8425
30/01/2018,14:27:45,IY9659
10/05/2018,16:01:55,EF3635
31/01/2018,11:53:57,OM5321
27/02/2018,14:51:30,UZ6069
03/05/2018,14:54:14,IO4267
11/01/2018,10:09:50,RY6519
13/05/2018,15:48:06,EL3985
01/05/2018,09:42:20,RU3649
06/04/2018,09:21:19,PA0853
16/03/2018,10:58:39,CI2279
21/03/2018,11:10:19,YH4590
25/05/2018,14:10:28,EF3635
08/03/2018,11:38:50,TF7016
16/03/2018,09:39:01,MZ6529
15/02/2018,11:51:13,PA0853
13/03/2018,09:52:16,RU3649
14/01/2018,09:04:11,IQ3200
21/02/2018,11:04:42,SX7522
08/01/2018,16:44:41,UZ6069
20/04/2018,08:48:46,EF7349
17/04/2018,13:24:14,UK4282
14/04/2018,08:59:17,OO4960
21/01/2018,13:42:32,OM6583
30/04/2018,16:22:57,GQ8306
22/05/2018,12:10:57,RU3649
05/01/2018,09:57:10,IY9659
26/01/2018,09:24:37,YH4590
23/02/2018,11:28:54,EP9684
06/02/2018,13:39:22,JT9902
18/02/2018,10:44:15,NL2557
27/03/2018,14:07:52,XG5854
18/02/2018,12:41:20,PA0853
16/03/2018,14:46:11,AS9501
14/05/2018,14:40:34,BZ7395
20/05/2018,12:26:47,CI2279
10/05/2018,14:05:08,EF7349
24/05/2018,09:10:48,QQ0205
28/05/2018,11:39:24,UP4621
17/05/2018,13:35:28,UK4282
23/04/2018,16:36:55,UP4621
21/01/2018,12:47:14,OM5321
18/03/2018,12:13:15,CI2279
27/03/2018,15:39:10,SC2766
31/01/2018,13:41:40,AS9501
24/03/2018,13:39:30,CV6657
20/03/2018,14:25:35,HV6319
21/04/2018,12:23:11,MZ5806
15/03/2018,16:57:39,NL2557
18/02/2018,10:12:09,DC5635
23/03/2018,15:14:59,MZ5806
08/01/2018,14:44:36,QQ0205
23/03/2018,16:37:55,EF3635
05/04/2018,09:17:00,PW5521
18/03/2018,09:44:56,IQ3200
19/02/2018,10:04:48,AY9196
21/02/2018,14:50:12,AY9196
29/03/2018,13:27:59,PK0790
04/03/2018,13:53:46,MT2583
08/01/2018,08:43:09,DC5635
17/04/2018,10:37:29,XA3792
18/04/2018,11:03:50,IY9659
10/03/2018,13:45:59,VV6733
01/01/2018,09:14:59,UV2257
23/03/2018,10:06:40,NN8875
08/03/2018,16:09:33,QY4518
02/01/2018,12:44:04,OQ5947
21/04/2018,13:55:29,CQ4029
13/04/2018,16:39:39,JD9616
01/01/2018,09:39:19,IO4267
18/04/2018,11:14:47,CQ4029
07/04/2018,10:04:31,NL2557
11/01/2018,12:54:35,EF7349
25/05/2018,08:32:56,DC5635
20/03/2018,11:28:36,GH5909
24/05/2018,14:26:53,OM6583
27/02/2018,08:39:33,UT7122
14/05/2018,12:47:40,JH5795
30/03/2018,16:38:21,XP0085
17/02/2018,16:16:28,JJ8861
21/04/2018,09:43:47,UC1640
16/02/2018,14:09:19,UZ6069
26/02/2018,16:54:03,AS9501
30/05/2018,12:12:14,SC2766
02/03/2018,14:31:29,NR4482
18/01/2018,14:14:38,CQ4029
09/02/2018,08:58:25,HV6319
12/04/2018,13:22:31,AS9501
30/03/2018,13:10:42,XA3792
29/03/2018,16:01:03,RH6857
23/05/2018,16:48:17,EL3985
27/05/2018,14:14:30,RY6519
31/05/2018,15:20:01,KZ6738
11/04/2018,11:33:56,ZF7975
19/05/2018,15:29:14,AY9196
14/01/2018,09:38:10,PA0853
14/05/2018,15:28:31,EL3985
21/04/2018,09:30:40,QI9476
23/03/2018,10:24:06,EF3635
18/04/2018,13:00:46,NZ5630
10/05/2018,10:51:01,JD9616
30/04/2018,09:04:36,JH5795
25/05/2018,09:49:49,UT7122
10/02/2018,13:12:00,PY0488
19/02/2018,11:59:25,BZ7395
11/01/2018,14:12:55,AI7921
12/05/2018,10:19:21,XA3792
26/05/2018,14:13:29,NL2557
25/03/2018,08:42:00,UP4621
01/04/2018,13:18:37,GQ8306
01/04/2018,13:48:43,EL6860
08/05/2018,14:19:06,EF7349
17/01/2018,13:27:50,EF7349
23/02/2018,11:27:27,UC1640
21/05/2018,11:04:08,QY4518
13/04/2018,10:22:22,DY8425
24/02/2018,09:46:57,RP9394
11/03/2018,10:19:03,JP1675
27/02/2018,12:04:11,RP9394
