43704548,Vizcardo/Maribel,892133,9/09/2022
36471787,Pena/Glenda,600493,16/01/2023
71422479,Lozada/Felicita,703676,17/08/2022
51465986,Sam/Ines,702339,5/08/2022
20371464,Lozada/Heli,147871,28/08/2022
36934113,Serrano/Arturo,497687,17/08/2022
15290194,Hernandez/Guillermo,892133,9/02/2023
20371464,Lozada/Heli,197775,12/08/2022
85395219,Fuentes/Patricia,520631,26/01/2023
93961840,Pairazaman/Tatiana,201895,2/10/2022
61061535,Solis/Maria,497687,2/08/2022
62126128,Durand/Enrique,909077,28/02/2023
85395219,Fuentes/Patricia,915098,17/08/2022
54815159,Patino/Delicia,702694,3/08/2022
91187814,Narvaez/Jesus,341150,27/08/2022
71422479,Lozada/Felicita,802270,1/10/2022
51642949,Miranda/Alfonso,600493,9/02/2023
45201670,Guevara/Milena,535567,18/03/2023
31284904,Sakaguchi/Carlos,497687,26/08/2022
71422479,Lozada/Felicita,800631,19/08/2022
93282118,Zambrano/Ofelia,497687,6/08/2022
34697743,Ayala/Ericka,909295,5/08/2022
68114999,Rios/Ines,702339,14/08/2022
95656771,Raffo/Rolando,187089,6/02/2023
54149342,Leyva/Diana,905627,30/08/2022
99891737,Contreras/Johana,182620,15/08/2022
54815159,Patino/Delicia,907988,27/10/2022
93939698,Henriquez/Silvana,197775,29/08/2022
62126128,Durand/Enrique,702694,1/08/2022
32538825,Hijar/Martin,909077,20/08/2022
63640178,Rodriguez/Blanca,802270,4/10/2022
35852072,Jauregui/Victor,600493,14/12/2022
72330000,Vega/Carmela,702694,26/08/2022
93961840,Pairazaman/Tatiana,354519,13/08/2022
93939698,Henriquez/Silvana,150928,4/04/2023
36934113,Serrano/Arturo,535567,1/09/2022
80694546,Ramirez/Karina,702339,29/08/2022
63640178,Rodriguez/Blanca,506117,14/01/2023
68114999,Rios/Ines,909295,26/08/2022
81647285,Vega/Henrry,706122,15/03/2023
72973662,Vargas/Daniel,800631,19/08/2022
31284904,Sakaguchi/Carlos,800404,17/11/2022
54815159,Patino/Delicia,201895,12/02/2023
72973662,Vargas/Daniel,254488,9/02/2023
93231760,Zarate/Alexander,146552,27/10/2022
77324146,Moscoso/Janet,254488,25/10/2022
72330000,Vega/Carmela,905627,9/02/2023
61061535,Solis/Maria,404143,29/08/2022
72973662,Vargas/Daniel,907988,29/12/2022
51873364,Calixto/Erick,702694,22/10/2022
45914393,Lozada/Antonio,197775,21/08/2022
35347567,Sedano/Elia,609349,7/04/2023
34571095,Infantes/Luis,801383,2/04/2023
54149342,Leyva/Diana,507183,26/08/2022
36934113,Serrano/Arturo,909077,27/11/2022
49357767,Solis/Rolando,600493,12/03/2023
13731806,Salamanca/Virginia,801383,8/11/2022
22679759,Bravo/Janet,187089,7/03/2023
94683380,Farfan/Margot,801383,17/08/2022
92275859,Egusquiza/Doris,703676,2/08/2022
35606314,Mercado/Elia,644057,4/04/2023
51465986,Sam/Ines,802270,17/08/2022
93282118,Zambrano/Ofelia,601846,30/08/2022
20371464,Lozada/Heli,341150,13/09/2022
65912822,Camacho/Ydali,354519,6/08/2022
91187814,Narvaez/Jesus,807862,16/08/2022
59561864,Rosemberg/Julio,807862,17/12/2022
54149342,Leyva/Diana,300822,18/03/2023
62126128,Durand/Enrique,800404,17/10/2022
59596317,Justino/Virginia,892133,16/12/2022
51642949,Miranda/Alfonso,707896,16/02/2023
20371464,Lozada/Heli,197775,7/04/2023
52313890,Rivero/Wilver,609349,17/08/2022
32538825,Hijar/Martin,800404,10/03/2023
54815159,Patino/Delicia,709926,23/02/2023
37282858,Soma/Lourdes,300822,29/08/2022
27709566,Ortiz/Raul,801383,23/08/2022
45914393,Lozada/Antonio,892133,19/08/2022
43704548,Vizcardo/Maribel,147871,1/08/2022
62126128,Durand/Enrique,909077,17/08/2022
93231760,Zarate/Alexander,609349,27/03/2023
80694546,Ramirez/Karina,800404,11/04/2023
36934113,Serrano/Arturo,601846,4/12/2022
35852072,Jauregui/Victor,187089,16/01/2023
93961840,Pairazaman/Tatiana,300822,1/09/2022
41964357,Arca/Magali,706122,16/08/2022
13731806,Salamanca/Virginia,702694,11/01/2023
14956687,Luna/Waldemar,535567,18/04/2023
32538825,Hijar/Martin,341150,1/09/2022
85395219,Fuentes/Patricia,609349,29/12/2022
77440060,Escalante/Emigdio,201895,22/10/2022
45914393,Lozada/Antonio,341150,24/01/2023
62126128,Durand/Enrique,909295,1/08/2022
62287143,Wong/Beatriz,909295,12/02/2023
59561864,Rosemberg/Julio,300822,3/08/2022
27709566,Ortiz/Raul,709926,28/03/2023
31284904,Sakaguchi/Carlos,905627,27/08/2022
93231760,Zarate/Alexander,147871,16/08/2022
81647285,Vega/Henrry,609349,18/04/2023
28992638,Trigueros/Luz,197775,17/08/2022
45201670,Guevara/Milena,907988,21/08/2022
53420926,Prado/Juan,341150,6/08/2022
99891737,Contreras/Johana,187089,9/09/2022
81647285,Vega/Henrry,909077,1/08/2022
86988155,Cerna/Cinthia,254488,14/09/2022
61061535,Solis/Maria,150928,28/03/2023
68114999,Rios/Ines,907988,1/09/2022
61061535,Solis/Maria,336876,20/08/2022
95656771,Raffo/Rolando,909295,24/01/2023
86988155,Cerna/Cinthia,506117,29/12/2022
90367684,Sinche/Yvonne,907988,4/08/2022
77440060,Escalante/Emigdio,807862,26/04/2023
80694546,Ramirez/Karina,201895,30/08/2022
51873364,Calixto/Erick,150928,29/12/2022
94683380,Farfan/Margot,520631,6/09/2022
22598563,Sueldo/Adria,341150,8/11/2022
30246960,Escalante/Ines,201895,29/08/2022
94683380,Farfan/Margot,709926,1/02/2023
36934113,Serrano/Arturo,182620,29/08/2022
58643376,Arroyo/Natalia,709926,26/08/2022
36471787,Pena/Glenda,707896,14/08/2022
81539774,Alfaro/Erick,507183,4/10/2022
93961840,Pairazaman/Tatiana,601846,6/02/2023
90367684,Sinche/Yvonne,915098,27/11/2022
36934113,Serrano/Arturo,520631,30/10/2022
45201670,Guevara/Milena,201895,14/08/2022
63640178,Rodriguez/Blanca,702694,9/08/2022
90367684,Sinche/Yvonne,535567,17/09/2022
15290194,Hernandez/Guillermo,707896,4/04/2023
58643376,Arroyo/Natalia,702339,3/03/2023
62287143,Wong/Beatriz,709926,20/10/2022
59596317,Justino/Virginia,254488,27/04/2023
51465986,Sam/Ines,800631,30/03/2023
49357767,Solis/Rolando,800631,4/08/2022
93961840,Pairazaman/Tatiana,707896,1/08/2022
53420926,Prado/Juan,801383,1/08/2022
30246960,Escalante/Ines,150928,29/11/2022
41964357,Arca/Magali,404143,15/03/2023
17299012,Suarez/Amaru,709926,27/10/2022
32538825,Hijar/Martin,600493,18/11/2022
12484697,Diaz/Enrique,254488,16/09/2022
86988155,Cerna/Cinthia,915098,1/09/2022
35347567,Sedano/Elia,909077,23/08/2022
20371464,Lozada/Heli,907988,30/08/2022
90367684,Sinche/Yvonne,520631,15/03/2023
57182371,Moscoso/Fiorella,909295,26/10/2022
66039166,Chavez/Johan,706122,25/08/2022
32538825,Hijar/Martin,915098,29/08/2022
62126128,Durand/Enrique,305578,17/08/2022
13731806,Salamanca/Virginia,644057,16/11/2022
68269451,Asmad/Adria,800631,1/08/2022
80694546,Ramirez/Karina,909295,2/08/2022
65912822,Camacho/Ydali,601846,16/01/2023
72330000,Vega/Carmela,520631,9/08/2022
62287143,Wong/Beatriz,706122,27/11/2022
68269451,Asmad/Adria,800404,16/08/2022
30246960,Escalante/Ines,702339,17/09/2022
99891737,Contreras/Johana,706122,6/12/2022
15290194,Hernandez/Guillermo,702694,6/09/2022
93282118,Zambrano/Ofelia,354519,19/09/2022
93961840,Pairazaman/Tatiana,300822,29/08/2022
51465986,Sam/Ines,300822,22/10/2022
93939698,Henriquez/Silvana,609349,1/08/2022
77440060,Escalante/Emigdio,707896,20/08/2022
61061535,Solis/Maria,909295,18/08/2022
90367684,Sinche/Yvonne,520631,26/10/2022
37282858,Soma/Lourdes,800631,13/09/2022
53420926,Prado/Juan,254488,22/12/2022
12484697,Diaz/Enrique,702339,14/01/2023
22679759,Bravo/Janet,187089,21/01/2023
51465986,Sam/Ines,354519,27/08/2022
77324146,Moscoso/Janet,305578,29/12/2022
37282858,Soma/Lourdes,341150,9/02/2023
68114999,Rios/Ines,201895,25/10/2022
57182371,Moscoso/Fiorella,644057,18/04/2023
20371464,Lozada/Heli,807862,4/08/2022
54149342,Leyva/Diana,907988,4/08/2022
54815159,Patino/Delicia,182620,17/09/2022
14956687,Luna/Waldemar,703676,21/08/2022
90367684,Sinche/Yvonne,341150,27/03/2023
62287143,Wong/Beatriz,600493,12/03/2023
81647285,Vega/Henrry,702339,16/01/2023
54149342,Leyva/Diana,341150,12/03/2023
51642949,Miranda/Alfonso,201895,27/11/2022
86988155,Cerna/Cinthia,300822,13/08/2022
99891737,Contreras/Johana,909295,7/03/2023
77324146,Moscoso/Janet,201895,22/11/2022
54815159,Patino/Delicia,800404,29/08/2022
15290194,Hernandez/Guillermo,702694,29/08/2022
51873364,Calixto/Erick,201895,3/08/2022
93961840,Pairazaman/Tatiana,146552,1/10/2022
20371464,Lozada/Heli,150928,1/10/2022
12484697,Diaz/Enrique,801383,10/08/2022
61061535,Solis/Maria,600493,15/12/2022
34697743,Ayala/Ericka,506117,1/09/2022
43704548,Vizcardo/Maribel,300822,27/01/2023
68269451,Asmad/Adria,909077,25/08/2022
99891737,Contreras/Johana,150928,4/04/2023
75100362,Arca/Lucero,600493,30/08/2022
13731806,Salamanca/Virginia,187089,24/08/2022
91187814,Narvaez/Jesus,802270,15/10/2022
31284904,Sakaguchi/Carlos,909077,7/03/2023
51642949,Miranda/Alfonso,707896,3/08/2022
27709566,Ortiz/Raul,506117,1/12/2022
59596317,Justino/Virginia,915098,1/09/2022
99891737,Contreras/Johana,404143,11/04/2023
68269451,Asmad/Adria,520631,18/08/2022
35606314,Mercado/Elia,354519,3/04/2023
85395219,Fuentes/Patricia,305578,26/01/2023
36471787,Pena/Glenda,909077,3/04/2023
35606314,Mercado/Elia,892133,27/01/2023
57182371,Moscoso/Fiorella,506117,21/11/2022
93282118,Zambrano/Ofelia,147871,26/10/2022
59596317,Justino/Virginia,254488,14/12/2022
68114999,Rios/Ines,254488,19/08/2022
66091742,Baca/Milagros,146552,23/09/2022
20371464,Lozada/Heli,354519,29/11/2022
15290194,Hernandez/Guillermo,182620,14/08/2022
30246960,Escalante/Ines,147871,1/09/2022
22598563,Sueldo/Adria,150928,29/08/2022
51642949,Miranda/Alfonso,801383,12/02/2023
49357767,Solis/Rolando,146552,2/10/2022
13731806,Salamanca/Virginia,520631,8/08/2022
27709566,Ortiz/Raul,800404,18/03/2023
34697743,Ayala/Ericka,709926,4/08/2022
93939698,Henriquez/Silvana,707896,29/11/2022
35852072,Jauregui/Victor,305578,6/12/2022
22598563,Sueldo/Adria,506117,10/08/2022
95656771,Raffo/Rolando,197775,3/08/2022
37282858,Soma/Lourdes,909295,11/01/2023
54149342,Leyva/Diana,702339,20/08/2022
72330000,Vega/Carmela,707896,1/09/2022
45914393,Lozada/Antonio,497687,20/12/2022
93961840,Pairazaman/Tatiana,146552,13/11/2022
36471787,Pena/Glenda,197775,2/02/2023
62126128,Durand/Enrique,182620,27/08/2022
51642949,Miranda/Alfonso,305578,30/03/2023
41964357,Arca/Magali,707896,17/09/2022
20371464,Lozada/Heli,892133,30/03/2023
93282118,Zambrano/Ofelia,807862,29/08/2022
52313890,Rivero/Wilver,150928,27/11/2022
93961840,Pairazaman/Tatiana,709926,14/09/2022
86988155,Cerna/Cinthia,146552,22/11/2022
85395219,Fuentes/Patricia,800404,6/02/2023
71422479,Lozada/Felicita,146552,23/09/2022
77440060,Escalante/Emigdio,800404,26/08/2022
62126128,Durand/Enrique,187089,6/02/2023
35606314,Mercado/Elia,709926,11/01/2023
54815159,Patino/Delicia,802270,18/03/2023
77324146,Moscoso/Janet,801383,28/03/2023
65912822,Camacho/Ydali,802270,18/03/2023
22598563,Sueldo/Adria,706122,29/08/2022
12484697,Diaz/Enrique,905627,13/09/2022
72330000,Vega/Carmela,507183,30/03/2023
93939698,Henriquez/Silvana,702694,15/09/2022
66091742,Baca/Milagros,907988,3/08/2022
35852072,Jauregui/Victor,609349,11/04/2023
13731806,Salamanca/Virginia,800631,24/08/2022
15290194,Hernandez/Guillermo,802270,9/08/2022
51642949,Miranda/Alfonso,187089,18/12/2022
22598563,Sueldo/Adria,305578,28/02/2023
93231760,Zarate/Alexander,535567,30/03/2023
35852072,Jauregui/Victor,706122,19/08/2022
71422479,Lozada/Felicita,300822,22/08/2022
15290194,Hernandez/Guillermo,807862,18/04/2023
54149342,Leyva/Diana,709926,10/03/2023
62287143,Wong/Beatriz,146552,18/08/2022
58643376,Arroyo/Natalia,520631,27/08/2022
13731806,Salamanca/Virginia,187089,8/08/2022
51465986,Sam/Ines,197775,9/09/2022
15290194,Hernandez/Guillermo,702694,18/08/2022
54815159,Patino/Delicia,909077,22/11/2022
94683380,Farfan/Margot,336876,9/09/2022
72330000,Vega/Carmela,187089,26/10/2022
52313890,Rivero/Wilver,702694,16/08/2022
77324146,Moscoso/Janet,915098,1/12/2022
35852072,Jauregui/Victor,702694,18/03/2023
93282118,Zambrano/Ofelia,341150,18/03/2023
62287143,Wong/Beatriz,300822,4/08/2022
12484697,Diaz/Enrique,535567,12/08/2022
51465986,Sam/Ines,305578,15/12/2022
62287143,Wong/Beatriz,644057,16/09/2022
