<?xml version="1.0" encoding="UTF-8"?>
<configurationDescriptor version="100">
  <logicalFolder name="root" displayName="root" projectFiles="true" kind="ROOT">
    <logicalFolder name="HeaderFiles"
                   displayName="Header Files"
                   projectFiles="true">
      <itemPath>../../Lab07_Parte01/LAB07_PREG01_CLASES/ClaseConductor.h</itemPath>
      <itemPath>../../Lab07_Parte01/LAB07_PREG01_CLASES/ClaseFalta.h</itemPath>
      <itemPath>../../Lab07_Parte01/LAB07_PREG01_CLASES/ClaseFaltaCond.h</itemPath>
      <itemPath>../../Lab07_Parte01/LAB07_PREG01_CLASES/ClaseInfraccion.h</itemPath>
      <itemPath>../../Lab07_Parte01/LAB07_PREG01_CLASES/funciones.h</itemPath>
      <itemPath>funcionesCarga.h</itemPath>
      <itemPath>../../Lab07_Parte01/LAB07_PREG01_CLASES/sobrecarga.h</itemPath>
    </logicalFolder>
    <logicalFolder name="ResourceFiles"
                   displayName="Resource Files"
                   projectFiles="true">
    </logicalFolder>
    <logicalFolder name="SourceFiles"
                   displayName="Source Files"
                   projectFiles="true">
      <itemPath>../../Lab07_Parte01/LAB07_PREG01_CLASES/ClaseConductor.cpp</itemPath>
      <itemPath>../../Lab07_Parte01/LAB07_PREG01_CLASES/ClaseFalta.cpp</itemPath>
      <itemPath>../../Lab07_Parte01/LAB07_PREG01_CLASES/ClaseFaltaCond.cpp</itemPath>
      <itemPath>../../Lab07_Parte01/LAB07_PREG01_CLASES/ClaseInfraccion.cpp</itemPath>
      <itemPath>../../Lab07_Parte01/LAB07_PREG01_CLASES/funciones.cpp</itemPath>
      <itemPath>funcionesCarga.cpp</itemPath>
      <itemPath>main.cpp</itemPath>
      <itemPath>../../Lab07_Parte01/LAB07_PREG01_CLASES/sobrecarga.cpp</itemPath>
    </logicalFolder>
    <logicalFolder name="TestFiles"
                   displayName="Test Files"
                   projectFiles="false"
                   kind="TEST_LOGICAL_FOLDER">
    </logicalFolder>
    <logicalFolder name="ExternalFiles"
                   displayName="Important Files"
                   projectFiles="false"
                   kind="IMPORTANT_FILES_FOLDER">
      <itemPath>Makefile</itemPath>
    </logicalFolder>
  </logicalFolder>
  <projectmakefile>Makefile</projectmakefile>
  <confs>
    <conf name="Debug" type="1">
      <toolsSet>
        <compilerSet>default</compilerSet>
        <dependencyChecking>true</dependencyChecking>
        <rebuildPropChanged>false</rebuildPropChanged>
      </toolsSet>
      <compileType>
      </compileType>
      <item path="../../Lab07_Parte01/LAB07_PREG01_CLASES/ClaseConductor.cpp"
            ex="false"
            tool="1"
            flavor2="0">
      </item>
      <item path="../../Lab07_Parte01/LAB07_PREG01_CLASES/ClaseConductor.h"
            ex="false"
            tool="3"
            flavor2="0">
      </item>
      <item path="../../Lab07_Parte01/LAB07_PREG01_CLASES/ClaseFalta.cpp"
            ex="false"
            tool="1"
            flavor2="0">
      </item>
      <item path="../../Lab07_Parte01/LAB07_PREG01_CLASES/ClaseFalta.h"
            ex="false"
            tool="3"
            flavor2="0">
      </item>
      <item path="../../Lab07_Parte01/LAB07_PREG01_CLASES/ClaseFaltaCond.cpp"
            ex="false"
            tool="1"
            flavor2="0">
      </item>
      <item path="../../Lab07_Parte01/LAB07_PREG01_CLASES/ClaseFaltaCond.h"
            ex="false"
            tool="3"
            flavor2="0">
      </item>
      <item path="../../Lab07_Parte01/LAB07_PREG01_CLASES/ClaseInfraccion.cpp"
            ex="false"
            tool="1"
            flavor2="0">
      </item>
      <item path="../../Lab07_Parte01/LAB07_PREG01_CLASES/ClaseInfraccion.h"
            ex="false"
            tool="3"
            flavor2="0">
      </item>
      <item path="../../Lab07_Parte01/LAB07_PREG01_CLASES/funciones.cpp"
            ex="false"
            tool="1"
            flavor2="0">
      </item>
      <item path="../../Lab07_Parte01/LAB07_PREG01_CLASES/funciones.h"
            ex="false"
            tool="3"
            flavor2="0">
      </item>
      <item path="../../Lab07_Parte01/LAB07_PREG01_CLASES/sobrecarga.cpp"
            ex="false"
            tool="1"
            flavor2="0">
      </item>
      <item path="../../Lab07_Parte01/LAB07_PREG01_CLASES/sobrecarga.h"
            ex="false"
            tool="3"
            flavor2="0">
      </item>
      <item path="funcionesCarga.cpp" ex="false" tool="1" flavor2="0">
      </item>
      <item path="funcionesCarga.h" ex="false" tool="3" flavor2="0">
      </item>
      <item path="main.cpp" ex="false" tool="1" flavor2="0">
      </item>
    </conf>
    <conf name="Release" type="1">
      <toolsSet>
        <compilerSet>default</compilerSet>
        <dependencyChecking>true</dependencyChecking>
        <rebuildPropChanged>false</rebuildPropChanged>
      </toolsSet>
      <compileType>
        <cTool>
          <developmentMode>5</developmentMode>
        </cTool>
        <ccTool>
          <developmentMode>5</developmentMode>
        </ccTool>
        <fortranCompilerTool>
          <developmentMode>5</developmentMode>
        </fortranCompilerTool>
        <asmTool>
          <developmentMode>5</developmentMode>
        </asmTool>
      </compileType>
      <item path="../../Lab07_Parte01/LAB07_PREG01_CLASES/ClaseConductor.cpp"
            ex="false"
            tool="1"
            flavor2="0">
      </item>
      <item path="../../Lab07_Parte01/LAB07_PREG01_CLASES/ClaseConductor.h"
            ex="false"
            tool="3"
            flavor2="0">
      </item>
      <item path="../../Lab07_Parte01/LAB07_PREG01_CLASES/ClaseFalta.cpp"
            ex="false"
            tool="1"
            flavor2="0">
      </item>
      <item path="../../Lab07_Parte01/LAB07_PREG01_CLASES/ClaseFalta.h"
            ex="false"
            tool="3"
            flavor2="0">
      </item>
      <item path="../../Lab07_Parte01/LAB07_PREG01_CLASES/ClaseFaltaCond.cpp"
            ex="false"
            tool="1"
            flavor2="0">
      </item>
      <item path="../../Lab07_Parte01/LAB07_PREG01_CLASES/ClaseFaltaCond.h"
            ex="false"
            tool="3"
            flavor2="0">
      </item>
      <item path="../../Lab07_Parte01/LAB07_PREG01_CLASES/ClaseInfraccion.cpp"
            ex="false"
            tool="1"
            flavor2="0">
      </item>
      <item path="../../Lab07_Parte01/LAB07_PREG01_CLASES/ClaseInfraccion.h"
            ex="false"
            tool="3"
            flavor2="0">
      </item>
      <item path="../../Lab07_Parte01/LAB07_PREG01_CLASES/funciones.cpp"
            ex="false"
            tool="1"
            flavor2="0">
      </item>
      <item path="../../Lab07_Parte01/LAB07_PREG01_CLASES/funciones.h"
            ex="false"
            tool="3"
            flavor2="0">
      </item>
      <item path="../../Lab07_Parte01/LAB07_PREG01_CLASES/sobrecarga.cpp"
            ex="false"
            tool="1"
            flavor2="0">
      </item>
      <item path="../../Lab07_Parte01/LAB07_PREG01_CLASES/sobrecarga.h"
            ex="false"
            tool="3"
            flavor2="0">
      </item>
      <item path="funcionesCarga.cpp" ex="false" tool="1" flavor2="0">
      </item>
      <item path="funcionesCarga.h" ex="false" tool="3" flavor2="0">
      </item>
      <item path="main.cpp" ex="false" tool="1" flavor2="0">
      </item>
    </conf>
  </confs>
</configurationDescriptor>
